{
  "chute": "Puff! 💥 Você acabou de dar um chute poderoso em #nome#! 😱",
  "chutar": "Com toda a força! ⚡ Você chutou #nome# como um verdadeiro campeão! 💪",
  "tapa": "Páh! Você deu um tapa sonoro em #nome#! Não deu nem tempo de reagir! 👋",
  "soco": "BOOM! Você socou #nome# com toda a energia! 💥👊",
  "socar": "Com raiva! Você socou #nome# e foi imbatível! 🥊",
  "beijo": "Awwww 😍 Você deu um beijo carinhoso na bochecha de #nome#! Que fofura! 💋",
  "beijar": "Que momento romântico! 💖 Você deu um beijo apaixonado na bocheca de #nome#! 😘",
  "beijob": "Uau! Você deu um super beijo na boca de #nome# e deixou todo mundo com inveja! 😘🔥",
  "beijarb": "Um beijo bem apaixonado na boca de #nome#... Agora foi sério! 💋💘",
  "abraco": "Abraço caloroso! 🤗 Você envolveu #nome# em um abraço super apertado e aconchegante! 💕",
  "abracar": "Que gesto lindo! Você abraçou #nome# e fez ele(a) se sentir especial! 💖",
  "mata": "Com um golpe certeiro, você finalizou #nome#! Que atitude! 🥷💥",
  "matar": "Você deu o golpe final em #nome#... Foi rápido e certeiro! ⚔️",
  "tapar": "Eita! Você deu um tapa na raba de #nome# que ecoou pelo universo! 🍑💥",
  "goza": "Você gozou bem na boquinha da #nome# e deixou ela querendo mais! 😘💋",
  "gozar": "Você gozou bem na boquinha da #nome# e deixou ela querendo mais! 😘💋",
  "mamar": "Você mandou ver e fez #nome# mamar com estilo! 😏🍑",
  "mamada": "Não teve jeito! #nome# se entregou à sua habilidade de mamar! 🤭🍑",
  "cafune": "Que delícia de cafuné! 🥰 Você fez #nome# relaxar com seus dedos mágicos! 💆‍♀️",
  "morder": "Você deu uma mordida deliciosa em #nome#! Que saboroso! 😋",
  "mordida": "Com os dentes afiados, você deu uma mordida irresistível em #nome#!! 🦷",
  "lamber": "Você deu uma lambida sensacional em #nome#, que delícia! 👅💖",
  "lambida": "Com a língua afiada, você deu uma lambida gostosa em #nome#! 😜👅",
  "explodir": "BOOM! 💥 Você fez #nome# explodir de emoção com sua ação épica! 😱🎉",
  "chupao": "Aquele chupão no pescoço de #nome# que fez todo mundo parar para olhar! 😈💋"
}