{"noiseKey":{"private":{"type":"Buffer","data":"2JIQ1cBv20da8Awte3OutK4RjJNTN63PhtImcOQzZ1E="},"public":{"type":"Buffer","data":"Cymgng3FsD1XtPnKMCWxe0b/iKJ4RfbkkGZf9nayQBE="}},"pairingEphemeralKeyPair":{"private":{"type":"Buffer","data":"KN2sENucz+kwI/e2NbaN3b32vTayjELuJw7y3O/luXI="},"public":{"type":"Buffer","data":"/OFSOBOr5mSdz/PaMutcS2Oh7n8+23nMO0sxBYq0ADs="}},"signedIdentityKey":{"private":{"type":"Buffer","data":"APZYmXkJPqpWuxIEImLiChmf0qESbb15Jhdrv4wXWn8="},"public":{"type":"Buffer","data":"Sfxb2xZLByIBx127xXlINpr2Q/Nd+lsIrTjeWPvXkUY="}},"signedPreKey":{"keyPair":{"private":{"type":"Buffer","data":"yFaTX4LaeGu66tiezhkbjJy0Tm5gglLE0MFaYt+5UnI="},"public":{"type":"Buffer","data":"BVKGMhtq6qLDSI9so7zGGXBz3gz/idbRRL6J3sj0+UQ="}},"signature":{"type":"Buffer","data":"sg+AucBGuTQOMVsl3X8qy13bucSZOnOtIfoEM2hveWwR8n4KZaCjrILK0J8ExyPySzBd+pr3fGg9rMOTm1cnhg=="},"keyId":1},"registrationId":81,"advSecretKey":"YHf6m8kZbOkkwm0dmBj0323ZEsYG6OMudwmRtKvAEnw=","processedHistoryMessages":[],"nextPreKeyId":1,"firstUnuploadedPreKeyId":1,"accountSyncCounter":0,"accountSettings":{"unarchiveChats":false},"registered":false,"pairingCode":"22RTF9X3","me":{"id":"553398230030@s.whatsapp.net","name":"~"}}